<?xml version="1.0" encoding="UTF-8"?>
<project-private xmlns="http://www.netbeans.org/ns/project-private/1">
    <editor-bookmarks xmlns="http://www.netbeans.org/ns/editor-bookmarks/2" lastBookmarkId="0"/>
    <open-files xmlns="http://www.netbeans.org/ns/projectui-open-files/2">
        <group>
            <file>file:/home/sly/NetBeansProjects/NetbeansGUI_SENG/src/netbeansgui_seng/GUI/DebitCard.java</file>
            <file>file:/home/sly/NetBeansProjects/NetbeansGUI_SENG/src/netbeansgui_seng/GUI/DebitCardWindow.java</file>
            <file>file:/home/sly/NetBeansProjects/NetbeansGUI_SENG/src/netbeansgui_seng/GUI/Name.java</file>
            <file>file:/home/sly/NetBeansProjects/NetbeansGUI_SENG/src/netbeansgui_seng/NetbeansGUI_SENG.java</file>
        </group>
    </open-files>
</project-private>
