<?xml version="1.0" encoding="UTF-8"?>
<project-private xmlns="http://www.netbeans.org/ns/project-private/1">
    <editor-bookmarks xmlns="http://www.netbeans.org/ns/editor-bookmarks/2" lastBookmarkId="0"/>
    <open-files xmlns="http://www.netbeans.org/ns/projectui-open-files/2">
        <group>
            <file>file:/home/sly/NetBeansProjects/CircleApplication/src/Shape/CWindow.java</file>
            <file>file:/home/sly/NetBeansProjects/CircleApplication/src/circleapplication/CircleApplication.java</file>
            <file>file:/home/sly/NetBeansProjects/CircleApplication/src/Shape/Circle.java</file>
            <file>file:/home/sly/NetBeansProjects/CircleApplication/src/Shape/Shape.java</file>
        </group>
    </open-files>
</project-private>
